{"profit":[1545161.29032258],"slate":[45161.29032258,51612.90322581]}
