{"Ticker":["AHS","AWB","BRN","CDB","CL","LLB","LLK","MSW","WCS","WDB","WH"],"Crude":["Albian Heavy Synthetic","Access Western Blend","Bow River North","Christina Dilbit Blend","Cold Lake","Lloyd Blend","Lloyd Kerrobert","Mixed Sweet Blend","Western Canadian Select","Western Canada Dilbit","Wabasca Heavy"],"YM":[16477.9576271186,16522.1967213115,16630.3873873874,16892.8834951456,16481.0327868852,16487.5491803279,16488.8916666667,15898.6973684211,16079.1704545455,17929.5151515152,16410.7009345794],"Density":[937.603389830508,922.532786885246,924.683783783784,923.077184466019,926.215163934426,926.979508196721,928.951666666667,824.6125,928.210227272727,923.398484848485,932.669158878505],"Gravity":[19.2949152542373,21.7598360655738,21.4018018018018,21.6660194174757,21.1508196721311,21.022131147541,20.6966666666667,39.9605263157895,20.8232954545455,21.6090909090909,20.092523364486],"Sulphur":[2.49351694915254,3.90311475409836,2.89261261261261,3.87271844660194,3.77918032786885,3.5172131147541,3.1505,0.411118421052632,3.52914772727273,3.8519696969697,4.11373831775701],"MCR":[13.3283050847458,10.6527049180328,10.1081081081081,10.417572815534,10.3724180327869,9.6344262295082,9.864,1.84868421052632,9.72255681818182,10.1606060606061,8.7185046728972],"Nickel":[47.3110169491525,70.3819672131147,45.2279279279279,68.2223300970874,62.7877049180328,56.4418032786885,46.8666666666667,4.39868421052632,58.9113636363636,60.6015151515152,52.8682242990654],"Vanadium":[90.5305084745763,184.658196721311,102.105405405405,176.776699029126,161.251229508197,125.727049180328,107.054166666667,8.63289473684211,139.810227272727,157.272727272727,142.528037383178],"C3-":[0.131779661016949,0.0651639344262295,0.141441441441441,0.0568446601941748,0.0529098360655738,0.0741803278688525,0.08425,0.525065789473684,0.0692613636363636,0.0640909090909091,0.0901869158878505],"Butanes":[1.68733050847458,0.827786885245902,2.27225225225225,0.986359223300971,1.21631147540984,2.36762295081967,2.05016666666667,4.21322368421053,2.16829545454545,1.20166666666667,2.04065420560748],"Pentanes":[5.77271186440678,9.07508196721311,4.99666666666667,9.32344660194175,7.12840163934426,4.76909836065574,5.6505,3.42815789473684,5.01272727272727,7.93378787878788,2.13906542056075],"Hexanes":[5.3646186440678,6.35229508196721,4.16261261261261,6.0126213592233,5.34,3.96319672131148,3.7335,5.79690789473684,3.99176136363636,5.36863636363636,2.71457943925234],"Heptanes":[3.77436440677966,3.96885245901639,3.10522522522523,3.50383495145631,3.26188524590164,2.89090163934426,2.37158333333333,7.18585526315789,2.77732954545455,3.47909090909091,2.88514018691589],"Octanes":[3.24741525423729,2.40975409836066,2.69036036036036,2.05635922330097,2.11405737704918,2.11106557377049,1.77325,7.17440789473684,2.06176136363636,2.49015151515152,3.11785046728972],"Nonanes":[2.08792372881356,1.25967213114754,2.02,1.09456310679612,1.31811475409836,1.49450819672131,1.39766666666667,5.53236842105263,1.49721590909091,1.38348484848485,2.69663551401869],"Decanes":[0.964491525423729,0.591885245901639,0.947747747747748,0.531067961165049,0.649344262295082,0.756229508196721,0.693333333333333,2.48072368421053,0.734659090909091,0.661212121212121,1.2985046728972],"Benzene":[0.134618644067797,0.240327868852459,0.108738738738739,0.210679611650485,0.201598360655738,0.14983606557377,0.12125,0.255065789473684,0.145284090909091,0.17030303030303,0.0880373831775701],"Toluene":[0.305338983050847,0.419016393442623,0.226216216216216,0.33378640776699,0.335860655737705,0.297131147540984,0.194,0.795197368421053,0.267215909090909,0.31530303030303,0.265140186915888],"Ethyl Benzene":[0.0983474576271186,0.0455737704918033,0.0765765765765766,0.0359223300970874,0.0445081967213115,0.0457377049180328,0.0475,0.235592105263158,0.0505681818181818,0.0436363636363636,0.123738317757009],"Xylenes":[0.346864406779661,0.346967213114754,0.284414414414414,0.26747572815534,0.291393442622951,0.285573770491803,0.1985,1.04289473684211,0.264147727272727,0.318030303030303,0.455700934579439],"TAN":[0.573389830508475,1.71811475409836,0.879099099099099,1.60067961165049,1.07012295081967,0.869426229508197,1.0005,0,0.980227272727273,1.82545454545455,1.03261682242991]}
