{"d1w":0.0159514,"d1m":0.0159514,"s3y":0.03494,"s5y":0.03353,"s7y":0.03306,"s10y":0.03291,"s15y":0.03308,"s30y":0.02995,"fut1":97.4925,"fut2":97.125,"fut3":96.66,"fut4":96.455,"fut5":96.22,"fut6":96.005,"fut7":95.96,"fut8":96.05}
